[
    {
        "id": "0",
        "name": "All News"
    },
    {
        "id": "1",
        "name": "Breaking News"
    },
    {
        "id": "2",
        "name": "Regular News"
    },
    {
        "id": "3",
        "name": "International News"
    },
    {
        "id": "4",
        "name": "Sports"
    },
    {
        "id": "5",
        "name": "Entertainment"
    },
    {
        "id": "6",
        "name": "Culture"
    },
    {
        "id": "7",
        "name": "Arts"
    }
]
